term,document_count,document_frequency,idf
kuliah,111,95,1.1541506798272583
skripsi,111,67,1.4989911661189879
coding,111,91,1.1967102942460544
game_ringan,111,36,2.1075809586508703
