document,id,raw_vector_norm,normalized_vector_norm
Query,USER_QUERY,0.7686453722894049,0.9999999999999999
ASUS ZENBOOK 14 OLED,LP0049,0.18652660450611727,1.0
LENOVO THINKPAD E14 G7,LP0092,0.19509506326324774,1.0
AXIOO HYPE 5 AMD,LP0055,0.21019331367690838,0.9999999999999999
